url,type,title,description
https://dart.agency/,Главная,"Разработка сайтов в Перми — веб-студия DART Agency","Веб-студия DART Agency из Перми: разработка сайтов под ключ, продвижение и техподдержка. Более 150 проектов с 2016 года. Цены от 21 999 ₽."
https://dart.agency/uslugi/,Услуги,"Услуги веб-студии в Перми: разработка, продвижение, поддержка","Разработка сайтов под ключ, продвижение и техническая поддержка в Перми. Более 150 проектов, сроки от 10 дней, цены от 21 999 ₽. Заявка через форму или по телефону."
https://dart.agency/uslugi/razrabotka-sajtov.html,Услуга,"Разработка сайтов под ключ в Перми — DART Agency","Корпоративные сайты, интернет-магазины, лендинги и сайты под ключ от 21 999 ₽. Более 150 проектов с 2016 года. Заявка через форму или по телефону +7 999 115-83-55."
https://dart.agency/uslugi/texnicheskaya-podderzhka.html,Услуга,"Техническая поддержка сайтов от 5 000 ₽/мес — DART Agency","Обновления, резервные копии, мониторинг, устранение ошибок и доработки сайта. Работаем с MODX Revo, WordPress и самописными CMS. Поддержка от 5 000 ₽ в месяц."
https://dart.agency/uslugi/konsultacziya.html,Услуга,"Консультация по разработке и продвижению сайта — DART Agency","Аудит ниши, структура сайта, выбор CMS, смета и сроки. Встречаемся в Яндекс.Телемост или у нас в офисе в Перми. Стоимость — от 1 200 ₽ за час."
https://dart.agency/o-kompanii.html,О компании,"О компании DART Agency — веб-студия в Перми с 2016 года","Веб-студия из Перми: 150+ проектов, команда разработчиков, дизайнеров и SEO-специалистов. Рассказываем, как устроена работа и почему клиенты возвращаются."
https://dart.agency/kontaktyi.html,Контакты,"Контакты DART Agency — веб-студия в Перми","Адрес: Пермь, ул. Космонавта Беляева, 19, офис 402. Телефон +7 999 115-83-55, e-mail info@dart.agency, Telegram @dartagency. Работаем по всей России."
https://dart.agency/kursyi/,Курсы,"Курсы по MODx Revo и вёрстке — онлайн-обучение | DART Agency","Практические курсы DART Agency: интернет-магазин на MODx Revo и miniShop2, вёрстка на Fenom, разработка компонентов. Пошаговые уроки с кодом, видео и файлами."
https://dart.agency/portfolio/,Портфолио,"Портфолио DART Agency — кейсы по разработке сайтов в Перми","Кейсы веб-студии: интернет-магазины, корпоративные сайты, маркетплейсы и онлайн-сервисы. Более 150 проектов в Перми и по России — задачи и результаты."
https://dart.agency/portfolio/galileosky.html,Кейс,"Galileosky — сайт производителя систем телематики | DART Agency","Разработали международный сайт производителя систем телематики: каталог продукции, личный кабинет и интеграции. Задача, решение и результат проекта."
https://dart.agency/portfolio/mst.tools.html,Кейс,"MST.Tools — маркетплейс электроинструмента | DART Agency","Маркетплейс электроинструмента: каталог с фильтрами, корзина, оплата и доставка. Как решали задачи по UX, производительности и продвижению проекта."
https://dart.agency/portfolio/snegotexnika.html,Кейс,"Интернет-магазин снегоходной техники СнегоТехника | DART Agency","Сайт и интернет-магазин снегоходной техники: каталог с подбором по параметрам, личный кабинет, онлайн-оплата. Задача, решение и результат."
https://dart.agency/portfolio/topcraft.html,Кейс,"TOPCraft — материалы для промышленных полов | DART Agency","Сайт поставщика материалов для промышленных полов: каталог, заявки на расчёт, коммерческое предложение. Задача, решение и результат проекта."
https://dart.agency/portfolio/shaurmaniya.html,Кейс,"Шаурмания — доставка шаурмы из Рыбинска | DART Agency","Сервис доставки шаурмы с онлайн-заказом, оплатой и картой. Как сделали заказ в три клика и подняли конверсию сайта."
https://dart.agency/portfolio/speczsnab39.html,Кейс,"СПЕЦСНАБ — сайт материально-технического снабжения | DART","Корпоративный сайт для компании материально-технического снабжения: каталог, запросы цен, личный кабинет. Задача, решение и результат."
https://dart.agency/portfolio/tonkie-materii.html,Кейс,"Тонкие материи — онлайн-школа целительства | DART Agency","Сайт онлайн-школы целительства, литотерапии и психологии: программы обучения, запись на курсы, блог мастеров. Задача и результат проекта."
https://dart.agency/portfolio/seversnab-rm.html,Кейс,"СеверСнаб-РМ — магазин запчастей Русская Механика | DART","Интернет-магазин оригинальных запчастей для Русской Механики: подбор по модели, быстрый поиск, доставка. Задача, решение и результат."
https://dart.agency/portfolio/ryibinskelektroshhit.html,Кейс,"Рыбинскэлектрощит — сайт производителя электрооборудования","Сайт производителя электротехнического оборудования: каталог, техническая документация, заявки на расчёт. Задача, решение и результат проекта."
https://dart.agency/portfolio/prokat-kmv.html,Кейс,"Прокат КМВ — сервис аренды авто и трансфера | DART Agency","Сервис аренды автомобилей и заказа трансфера: онлайн-бронирование, расчёт стоимости, личный кабинет. Задача, решение и результат."
https://dart.agency/portfolio/medresurs.html,Кейс,"Медресурс — поставки медицинского оборудования | DART","Сайт компании комплексных поставок для медицинских учреждений: каталог оборудования, личный кабинет, заявки на тендеры. Задача и результат."
https://dart.agency/portfolio/lemmax.html,Кейс,"LEMMAX — сайт производителя верхней одежды | DART Agency","Сайт производителя верхней одежды: каталог коллекций, оптовый заказ, дилерская зона. Задача, решение и результат проекта."
https://dart.agency/portfolio/intrako.html,Кейс,"Интрако — сайт регистратора держателей ценных бумаг","Корпоративный сайт регистратора: реестр держателей ценных бумаг, личный кабинет, отчётность. Задача, решение и результат проекта."
https://dart.agency/portfolio/akpp26rus.html,Кейс,"АКПП26РУС — магазин запчастей для АКПП | DART Agency","Интернет-магазин запчастей для автоматических коробок: подбор по автомобилю, карточки товаров, быстрая доставка. Задача и результат."
https://dart.agency/portfolio/energo-proekt-montazh.html,Кейс,"ЭнергоПроектМонтаж — проектирование и подключение сетей","Сайт проектно-монтажной компании: проектирование, монтаж и подключение сетей, портфолио объектов и заявка на расчёт стоимости."
https://dart.agency/portfolio/gofrastanok.html,Кейс,"Гофрастанок — продажа и монтаж гофрооборудования | DART","Сайт поставщика гофрооборудования: каталог техники, заявки на подбор, сервис и монтаж. Задача, решение и результат проекта."
https://dart.agency/portfolio/buransnab.html,Кейс,"БуранСнаб — запчасти и стёкла для снегоходов | DART Agency","Интернет-магазин запчастей, стёкол и мотобуксировщиков для снегоходной техники: каталог по маркам, подбор, доставка. Задача и результат."
https://dart.agency/blog/,Блог,"Блог о веб-разработке и продвижении сайтов | DART Agency","Статьи и обучающие материалы DART Agency: разработка сайтов на MODx Revo, вёрстка, SEO, продвижение и маркетинг. Практические инструкции для веб-мастеров."
https://dart.agency/blog/obuchenie,Категория,"Обучение: интернет-магазин на MODx Revo с нуля — DART Agency","Цикл уроков и видео по созданию интернет-магазина на MODx Revolution: шаблоны, каталог, корзина, поиск, фильтры и оформление заказа."
https://dart.agency/blog/modx/,Категория,"MODx Revo: компоненты, шаблоны и сниппеты | DART Agency","Статьи о MODx Revolution: компоненты и дополнения, шаблоны и чанки, сниппеты, работа с ресурсами и решение технических задач."
https://dart.agency/blog/komponentyi/,Категория,"Компоненты для MODx Revo — обзоры и документация | DART","Разработки DART Agency для MODX Revolution: документация, инструкции по установке и настройке компонентов, примеры использования и доработок."
https://dart.agency/blog/dizajn/,Категория,"Дизайн и вёрстка сайтов: адаптив и редизайн | DART Agency","Статьи о дизайне и вёрстке сайтов: адаптивная вёрстка, редизайн и модификация, интерфейсы и удобство для пользователей."
https://dart.agency/blog/kopirajting/,Категория,"Копирайтинг и контент для сайтов: идеи и примеры","О том, как писать тексты для сайта и блога, какие форматы контента работают и где брать идеи для новых статей."
https://dart.agency/blog/optimizacziya/,Категория,"Оптимизация сайтов: скорость и мета-теги | DART Agency","Практические статьи об оптимизации сайта: социальные мета-теги, ускорение загрузки, сжатие изображений и решение технических задач."
https://dart.agency/blog/prodvizhenie-sajtov/,Категория,"Продвижение сайтов: SEO, микроразметка, трафик","Как поднять посещаемость и позиции сайта: внутренняя оптимизация, микроразметка, работа с трафиком и поведением пользователей."
https://dart.agency/blog/integraczii/,Категория,"Интеграции с сервисами: API, почта, Telegram","Интеграции сайта с внешними сервисами через API: рассылки MailChimp, отправка заявок в Telegram, отправка писем с сайта."
https://dart.agency/blog/servera/,Категория,"Серверы и хостинг для сайтов: настройка и перенос","Статьи о серверах и хостинге: установка CMS, перенос файлов между серверами, настройка окружения под MODx Revo."
https://dart.agency/blog/kejsyi/,Категория,"Кейсы разработки сайтов: опыт и результаты | DART","Разбор выполненных проектов: задачи клиента, принятые решения, технические сложности и достигнутый результат."
https://dart.agency/blog/marketing/,Категория,"Маркетинг и продажи в интернет-магазине: инструкции","Практические инструкции по маркетингу: открытие и продвижение интернет-магазина, рост продаж, работа с блогом и чат-ботами."
https://dart.agency/blog/proektyi/,Категория,"Проекты и подходы к разработке: стартапы и услуги","Статьи о подходах к разработке: стартапы, онлайн-сервисы, типичные ошибки и решения, проверенные на практике."
https://dart.agency/blog/obuchenie/13-internet-magazin-na-modx-revolution.html,Статья,"Интернет-магазин на MODx Revo: цикл уроков с нуля — DART Agency","Пошаговый цикл уроков и видео по разработке интернет-магазина на MODx Revolution: шаблоны, каталог, корзина и оформление заказа."
https://dart.agency/blog/obuchenie/14-ustanovka-modx-revo-na-xosting.html,Статья,"Установка MODx Revo на хостинг: инструкция — DART Agency","Распаковка дистрибутива, создание базы данных, настройка прав доступа и первый запуск MODx Revo на хостинге."
https://dart.agency/blog/obuchenie/15-ustanovka-dopolnenij-na-modx-revo.html,Статья,"Как устанавливать дополнения в MODx Revolution — DART Agency","Где найти пакет дополнения, как загрузить и обновить компонент через менеджер приложений MODx Revo и modstore.pro."
https://dart.agency/blog/obuchenie/16-nastrojka-chpu-na-modx-revo.html,Статья,"Настройка ЧПУ (человекочитаемых URL) в MODx Revo — DART Agency","Как превратить URL с параметрами в понятные человеку адреса, настроить генерацию ссылок и не потерять существующие ссылки."
https://dart.agency/blog/obuchenie/17-princzipyi-shablonizaczii-integriruem-shablonyi.html,Статья,"Шаблонизация MODx Revo: как натянуть шаблон — DART Agency","Как устроен парсер MODx, как натянуть готовую HTML-вёрстку на шаблоны и работать с чанками без лишнего кода."
https://dart.agency/blog/obuchenie/18-vyivod-statej-resursov-v-modx-revo.html,Статья,"Вывод статей (ресурсов) в MODx Revo: pdoResources — DART Agency","Работа с pdoResources: выбор шаблона, сортировка, постраничный вывод и кастомизация списка статей на сайте."
https://dart.agency/blog/obuchenie/19-xlebnyie-kroshki-na-modx-revo.html,Статья,"Хлебные крошки на MODx Revo с помощью pdoCrumbs — DART Agency","Подключение и настройка pdoCrumbs: шаблон хлебных крошек, вывод на страницах сайта и работа с ресурсами."
https://dart.agency/blog/obuchenie/20-poisk-po-blogu-s-pomoshhyu-simplesearch.html,Статья,"Поиск по блогу и сайту на MODx Revo: SimpleSearch — DART","Индексация сайта, шаблон результатов и форма поиска на компоненте SimpleSearch для MODx Revolution."
https://dart.agency/blog/obuchenie/21-kommentarii-v-modx-revo-s-pomoshhyu-tickets.html,Статья,"Комментарии на MODx Revo с помощью Tickets — DART Agency","Форма комментариев для статей и товаров, настройка модерации и вывод списка сообщений на сайте."
https://dart.agency/blog/obuchenie/22-sozdanie-kategorij-tovarov-nastrojka-minishop2.html,Статья,"Создание категорий товаров и настройка miniShop2 — DART Agency","Структура каталога интернет-магазина на miniShop2: создание категорий, шаблоны и вывод дерева каталога на сайте."
https://dart.agency/blog/obuchenie/23-nastraivaem-kartochku-tovara-minishop2.html,Статья,"Настраиваем карточку товара miniShop2 — DART Agency","Галерея изображений, характеристики, цена и кнопка добавления в корзину в карточке товара miniShop2."
https://dart.agency/blog/obuchenie/24-realizacziya-tegov-v-modx-revo-taglister.html,Статья,"Облако тегов в MODx Revo с помощью tagLister — DART Agency","Установка дополнений, создание элементов тегов и вывод облака тегов на страницах сайта."
https://dart.agency/blog/obuchenie/25-realizuem-korzinu-v-minishop2.html,Статья,"Как сделать корзину товаров в miniShop2 — DART Agency","Виды корзин в miniShop2, добавление и удаление товаров, промокоды и переход к оформлению заказа."
https://dart.agency/blog/obuchenie/26-vyivod-tovarov-v-kategorii-minishop2.html,Статья,"Вывод товаров в категории на miniShop2 — DART Agency","Наполнение каталога товарами и вывод новинок и популярных позиций в категории интернет-магазина."
https://dart.agency/blog/obuchenie/27-nastrojka-filtrov-s-pomoshhyu-msearch2.html,Статья,"Настройка фильтров товаров с помощью mSearch2 — DART Agency","Фасетные фильтры, AJAX-обновление результатов и выдача товаров по параметрам в интернет-магазине."
https://dart.agency/blog/obuchenie/28-oformlenie-zakaza-v-minishop2.html,Статья,"Оформление заказа в интернет-магазине на miniShop2 — DART","Шаблон checkout, поля формы, отправка заказа, письма клиенту и менеджеру, учёт в админке."
https://dart.agency/blog/obuchenie/29-otzyivyi-o-tovare-v-modx-revo.html,Статья,"Отзывы о товарах на MODx Revo и miniShop2 — DART Agency","Подключение easyComm, форма отзыва и вывод рейтинга с отзывами на странице товара."
https://dart.agency/blog/obuchenie/30-blok-vyi-smotreli-v-modx-revo.html,Статья,"Блок «Вы смотрели» на MODx Revo: компонент Looked — DART","Как вывести и хранить историю просмотренных товаров и показать блок рекомендаций на MODx Revo."
https://dart.agency/blog/obuchenie/31-sravnenie-tovarov-v-minishop2.html,Статья,"Сравнение товаров в miniShop2 на MODx Revo — DART Agency","Компонент Comparison, страница сравнения и вывод отличий между товарами интернет-магазина."
https://dart.agency/blog/obuchenie/32-vyivodim-menyu-na-sajte-modx-revo.html,Статья,"Как вывести меню сайта на MODx Revo через pdoTools","Настройка pdoMenu: вложенность пунктов, активное состояние, вывод в шапке и мобильное меню."
https://dart.agency/blog/obuchenie/33-znakomimsya-s-html-za-odin-chas.html,Статья,"HTML за один час: основы языка разметки — DART Agency","Понятный вводный урок по HTML: теги, атрибуты, структура документа и примеры кода для начинающих."
https://dart.agency/blog/obuchenie/34-izuchaem-css-za-chas.html,Статья,"Изучаем CSS за час: основы каскадных таблиц — DART Agency","Селекторы, свойства и каскад стилей: базовый урок по CSS с примерами, который поможет не бояться вёрстки."
https://dart.agency/blog/obuchenie/35-fenomenalnyij-kurs.-vvodnaya-statya.html,Статья,"FENOM'енальный курс. Вводная: магазин на Fenom — DART","Начало курса по разработке интернет-магазина на шаблонизаторе Fenom и сниппетах pdoTools. Вводная часть и план работы."
https://dart.agency/blog/obuchenie/36-fenomenalnyij-kurs-chast-1-bazovaya-nastrojka-sajta.html,Статья,"FENOM'енальный курс. Часть 1: настройка сайта — DART Agency","Старт проекта на Fenom: структура шаблонов, подключение pdoTools и настройка сайта перед вёрсткой."
https://dart.agency/blog/obuchenie/37-fenomenalnyij-kurs.-chast-2.-shablonyi-i-chanki.html,Статья,"FENOM'енальный курс. Часть 2: шаблоны и чанки — DART Agency","Где хранятся файловые элементы Fenom, как их правильно называть и подключать к шаблонам MODx Revo."
https://dart.agency/blog/obuchenie/38-fenomenalnyij-kurs.-chast-3.-xlebnyie-kroshki-i-menyu-na-fenom.html,Статья,"FENOM'енальный курс. Часть 3: хлебные крошки и меню — DART","Повторно используем блоки на страницах сайта: хлебные крошки через pdoCrumbs и меню через pdoMenu на Fenom."
https://dart.agency/blog/obuchenie/39-fenomenalnyij-kurs.-chast-4.-vyivodim-tovaryi-v-kategorii-s-pomoshhyu-msearch2.html,Статья,"FENOM'енальный курс. Часть 4: фильтры товаров — DART Agency","Вывод товаров в категории и фасетные фильтры на mFilter2, а также аналог решения без платных дополнений."
https://dart.agency/blog/obuchenie/40-fenomenalnyij-kurs.-chast-5.-minikorzina-i-korzina-tovarov-s-pomoshhyu-fenom.html,Статья,"FENOM'енальный курс. Часть 5: миникорзина и корзина — DART","Собираем корзину товаров на Fenom: чанк миникорзины, сниппеты и обработка добавления товара."
https://dart.agency/blog/obuchenie/41-fenomenalnyij-kurs.-chast-6.-kartochka-tovara-s-pomoshhyu-fenom.html,Статья,"FENOM'енальный курс. Часть 6: карточка товара — DART Agency","Основные элементы карточки товара: галерея, описание, характеристики и форма добавления в корзину."
https://dart.agency/blog/obuchenie/42-fenomenalnyij-kurs.-chast-7.-vyivodim-sgruppirovannyie-xarakteristiki-tovara-i-realizuem-otzyivyi-o-tovare.html,Статья,"FENOM'енальный курс. Часть 7: отзывы о товаре — DART Agency","Вывод сгруппированных характеристик товара и реализация отзывов о товаре в интернет-магазине на miniShop2."
https://dart.agency/blog/obuchenie/43-fenomenalnyij-kurs.-chast-8.-vyivodim-czveta-i-razmeryi-tovara-dobavlyaem-ix-v-korzinu.html,Статья,"FENOM'енальный курс. Часть 8: опции товара — DART Agency","Пользовательские опции miniShop2: вывод цветов и размеров и добавление выбранных значений в корзину."
https://dart.agency/blog/obuchenie/44-fenomenalnyij-kurs.-chast-9.-sravnenie-tovara-s-sgruppirovannyimi-opcziyami.html,Статья,"FENOM'енальный курс. Часть 9: сравнение товаров — DART","Создание дополнительных опций товара программно, без админки, и сравнение товаров с разными наборами опций."
https://dart.agency/blog/obuchenie/45-fenomenalnyij-kurs.-chast-10.-realizuem-funkcziyu-kupit-v-1-klik.html,Статья,"FENOM'енальный курс. Часть 10: заказ в один клик — DART Agency","Конверсионная функция заказа в один клик на основе компонента msOneClick для miniShop2."
https://dart.agency/blog/obuchenie/46-fenomenalnyij-kurs.-chast-11.-glavnaya-stranicza-xityi-prodazh-kategorii-kataloga-slajder-i-preimushhestva.html,Статья,"FENOM'енальный курс. Часть 11: главная страница — DART","Хиты продаж, категории каталога, слайдер на MIGX и блок преимуществ на главной странице интернет-магазина."
https://dart.agency/blog/obuchenie/47-fenomenalnyij-kurs.-chast-12.-novosti-na-fenom.html,Статья,"FENOM'енальный курс. Часть 12: новости на Fenom — DART","Блок новостей сайта на сниппетах pdoTools и TV-параметрах с изображениями."
https://dart.agency/blog/obuchenie/48-fenomenalnyij-kurs.-chast-13.-formyi-obratnoj-svyazi-zakazat-zvonok-na-fenom.html,Статья,"FENOM'енальный курс. Часть 13: формы обратной связи","Форма заказа звонка в модальном окне и обычная форма на FormIt с отправкой через AjaxForm."
https://dart.agency/blog/obuchenie/49-fenomenalnyij-kurs.-chast-14.-poisk-po-sajtu-na-msearch2-na-fenom.html,Статья,"FENOM'енальный курс. Часть 14: поиск по сайту — DART","Форма поиска и выдача результатов по сайту на компоненте mSearch2 с учётом настроек Fenom."
https://dart.agency/blog/obuchenie/50-fenomenalnyij-kurs.-chast-15.-kabinet-pokupatelya-na-fenom.html,Статья,"FENOM'енальный курс. Часть 15: кабинет покупателя","Личный кабинет на miniShop2 и Office: профиль пользователя, авторизация и история заказов."
https://dart.agency/blog/obuchenie/51-fenomenalnyij-kurs.-chast-16.-seo-filtryi-c-pomoshhyu-seofilter-na-fenom.html,Статья,"FENOM'енальный курс. Часть 16: SEO-фильтры — DART Agency","Создание множества посадочных страниц под поисковые запросы на основе фильтров mFilter2 и SEOFilter."
https://dart.agency/blog/obuchenie/52-fenomenalnyij-kurs.-chast-17.-sozdaem-konfiguracziyu-sajta-s-pomoshhyu-clientconfig.html,Статья,"FENOM'енальный курс. Часть 17: ClientConfig — DART Agency","Единая конфигурация сайта: контакты, соцсети и общие параметры, выведенные через ClientConfig."
https://dart.agency/blog/obuchenie/53-fenomenalnyij-kurs.-chast-18.-robots-sitemap-canonical.html,Статья,"FENOM'енальный курс. Часть 18: robots и sitemap — DART Agency","Создание robots.txt и sitemap.xml и настройка канонических ссылок на MODx Revo — финальная часть курса."
https://dart.agency/blog/obuchenie/54-lending-na-modx-revo.-vvodnaya-chast.html,Статья,"Лендинг на MODx Revo: вводная часть серии уроков — DART","Серия уроков по созданию лендинга на MODx Revo: готовим шаблон, структуру страницы и подходы к вёрстке."
https://dart.agency/blog/obuchenie/55-razmeshhaem-verstku-na-servere-i-sozdaem-shablonyi.-chast-1.html,Статья,"Как разместить вёрстку на MODx Revo — DART Agency","Загружаем готовую вёрстку на сервер, создаём шаблоны и переносим статические страницы в MODx Revo."
https://dart.agency/blog/obuchenie/56-ajax-forma-podpiski-polzovatelya-s-pomoshhyu-sendex.-chast-2.html,Статья,"AJAX-форма подписки на MODx Revo через Sendex — DART","Создание подписки, AJAX-форма на первом экране и обработка запроса без перезагрузки страницы."
https://dart.agency/blog/obuchenie/57-rabota-s-migx-v-modx-revo.-chast-3.html,Статья,"MIGX в MODx Revo: TV-параметры и файлы — DART Agency","Гибкие TV-параметры на MIGX, новый источник файлов и сборка контента страницы лендинга."
https://dart.agency/blog/obuchenie/58-formyi-obratnoj-svyazi-na-ajaxform-formit.-chast-4.html,Статья,"Формы обратной связи на AjaxForm и FormIt — DART Agency","Две формы обратной связи: в блоке контактов и в модальном окне, с AJAX-отправкой и валидацией."
https://dart.agency/blog/obuchenie/59-alternativnaya-konczovka.-oformlyaem-zakaz-minishop2-cherez-api.-chast-5.html,Статья,"Оформление заказа miniShop2 через API MODx Revo — DART","Программное оформление заказа в обход сниппетов — со своей логикой и полным контролем над процессом."
https://dart.agency/blog/obuchenie/60-onlajn-servis-na-modx-revo.-vvodnaya-chast.html,Статья,"Онлайн-сервис на MODx Revo: вводная часть — DART","Серия уроков по разработке онлайн-сервиса с регистрацией пользователей, профилями и личным кабинетом."
https://dart.agency/blog/obuchenie/61-ustanovka-modx-revo-na-server.-chast-1.html,Статья,"Установка MODx Revolution на сервер: инструкция — DART","Разновидности дистрибутива MODx Revolution, требования к серверу, загрузка и первый запуск системы."
https://dart.agency/blog/obuchenie/62-pervonachalnaya-nastrojka-sajta-na-modx-revo.-chast-2.html,Статья,"Первоначальная настройка сайта на MODx Revolution — DART","Базовые настройки системы, кодировка сайта и установка необходимых модулей для нового проекта."
https://dart.agency/blog/obuchenie/63-avtorizacziya-na-sajte-s-pomoshhyu-hybridauth.-chast-3.html,Статья,"Авторизация через социальные сети на MODx Revo — DART","Подключение HybridAuth: вход через Facebook, VK и Одноклассники без регистрации на сайте."
https://dart.agency/blog/obuchenie/64-pishem-komponent-dlya-modx-revo.-chast-1.-vvedenie-i-nastrojka-rabochego-mesta.html,Статья,"Пишем компонент для MODx Revo. Часть 1: введение — DART","Начало разработки собственного компонента: структура modExtra, рабочее место и постановка задачи."
https://dart.agency/blog/obuchenie/65-pishem-komponent-dlya-modx-revo.-vvodnaya-statya.html,Статья,"Пишем компонент для MODx Revo: вводная статья — DART","Вводная часть курса о создании компонента, который отправляет поставщикам уведомления о заказах."
https://dart.agency/blog/obuchenie/66-chast-2.-razbor-strukturyi-i-generacziya-sxemyi-bd.html,Статья,"Пишем компонент. Часть 2: структура и БД — DART Agency","Разбор каталогов заготовки modExtra и генерация схемы базы данных для будущего компонента."
https://dart.agency/blog/obuchenie/67-chast-3.-pishem-proczessoryi-i-podgotavlivaem-paket-dlya-rabotyi.html,Статья,"Пишем компонент. Часть 3: процессоры и пакет — DART","Что такое процессоры в MODx, как подготовить их к работе в админке и собрать пакет для установки."
https://dart.agency/blog/modx/69-kak-postavit-ikonku-na-shablon-modx-revo.html,Статья,"Как поставить иконку на шаблон ресурса в MODx Revo — DART","Шаблонам MODx Revo можно назначать иконки — рассказываем, как это упрощает навигацию по дереву ресурсов."
https://dart.agency/blog/modx/70-kak-vyivesti-kolichestvo-kommentariev-v-tickets.html,Статья,"Количество комментариев в Tickets на MODx Revo — DART","В Tickets нет готового счётчика комментариев — показываем решение на основе сниппетов и пример вывода."
https://dart.agency/blog/modx/71-19-komponentov-dlya-adminki-modx-revo-kotoryie-uprostyat-zhizn.html,Статья,"19 компонентов для админки MODx Revo — DART Agency","Подборка дополнений, которые повышают удобство работы в панели администратора MODx Revo: обзор и краткое описание."
https://dart.agency/blog/modx/72-otpravka-pisem-v-modx-revo-s-pomoshhyu-api.html,Статья,"Как отправить email письмо в MODx Revo через API — DART","Отправка писем средствами API MODx Revolution в обход ограничений FormIt: пример кода и нюансы."
https://dart.agency/blog/modx/73-kak-dobavit-dopolnitelnoe-pole-k-zakazu-v-minishop2.html,Статья,"Дополнительное поле к заказу в miniShop2 — DART Agency","Добавляем своё поле (например, время доставки) на страницу оформления заказа интернет-магазина."
https://dart.agency/blog/modx/74-modx-revo-ispolzovanie-migx-v-proektax-na-primere-slajdera.html,Статья,"MIGX в MODx Revo: слайдер на TV-параметрах — DART Agency","Мульти-TV возможности MIGX на практике: создаём слайдер изображений на примере рабочего проекта."
https://dart.agency/blog/modx/75-plagin-tovara-dlya-minishop2-modx-revo.html,Статья,"Плагин товара для miniShop2: свои поля на MODx Revo — DART","Расширяем стандартную модель товара miniShop2 своими полями с помощью плагина, когда возможностей не хватает."
https://dart.agency/blog/modx/76-modx-revo-contentblocks-dlya-bednyix-na-osnove-migx.html,Статья,"Конструктор страниц для MODx Revo на основе MIGX — DART","Свободная расстановка блоков на странице силами MIGX: текст, галереи и формы без специальных дополнений."
https://dart.agency/blog/modx/77-nastrojka-multiyazyichnosti-na-osnove-babel.html,Статья,"Мультиязычность в MODx Revo с помощью Babel — DART","Настройка мультиязычности и мультисайтовости на примере проекта: контексты, языки и синхронизация ресурсов."
https://dart.agency/blog/modx/78-upravlenie-keshem-fajlov-stilej-i-skriptov.html,Статья,"Управление кешем файлов стилей и скриптов — DART Agency","Как заставить браузер и заказчика увидеть обновлённые стили и скрипты: два решения для парсера MODX и для Fenom."
https://dart.agency/blog/modx/79-registriruem-polzovatelya-posle-soversheniya-zakaza-minishop2.html,Статья,"Регистрация пользователя после заказа в miniShop2 — DART","Автоматически создаём пользователя после оформления заказа штатными средствами miniShop2 — без платных дополнений."
https://dart.agency/blog/komponentyi/81-dartlocation.html,Статья,"dartLocation: геолокация по IP для MODX Revo — DART","Определение местоположения пользователя по IP и Geolocation API в связке с сервисом DaData. Установка и настройка."
https://dart.agency/blog/komponentyi/82-darttelegram-otpravka-zakazov-form-i-soobshhenij-v-telegram.html,Статья,"dartTelegram: отправка заказов и форм в Telegram — DART","Компонент для MODX Revolution: отправка заявок с сайта, заказов и сообщений прямо в Telegram-бот или канал."
https://dart.agency/blog/dizajn/96-10-prichin-zakazat-adaptivnuyu-verstku-sajta.html,Статья,"10 причин заказать адаптивную вёрстку сайта — DART Agency","Как адаптивная вёрстка влияет на продажи, скорость и поведение пользователей на разных экранах."
https://dart.agency/blog/dizajn/97-redizajn-ili-modifikacziya-sajta.html,Статья,"Редизайн или модификация сайта: когда это нужно — DART","Как оценить состояние сайта, отличить редизайн от доработки и понять, какой бюджет потребуется на проект."
https://dart.agency/blog/kopirajting/98-chto-pisat-v-bloge-na-sajte-11-idej-kontenta.html,Статья,"Что писать в блоге на сайте: 11 идей контента — DART Agency","Основные типы статей для сайта, которые помогают выйти из идейного кризиса и приводить целевой трафик."
https://dart.agency/blog/optimizacziya/99-soczialnyie-meta-tegi.html,Статья,"Социальные мета-теги: og:image и описание сайта — DART","Как управлять публикациями в соцсетях: правильно разместить og-теги, выбрать картинку и текст для ссылки на сайт."
https://dart.agency/blog/optimizacziya/100-optimizacziya-izobrazhenij-sajta-s-pomoshhyu-servisa-optipic.html,Статья,"Оптимизация изображений сайта с помощью OptiPic — DART Agency","Ускорение загрузки сайта за счёт сжатия изображений на MODx Revo, WordPress, Joomla и 1С-Битрикс."
https://dart.agency/blog/prodvizhenie-sajtov/101-kak-podnyat-poseshhaemost-sajta.html,Статья,"Как поднять посещаемость сайта: способы продвижения — DART","Что делать, если на счётчике однозначные цифры: работающие инструменты и способы раскрутки нового сайта."
https://dart.agency/blog/prodvizhenie-sajtov/102-zakazat-mikrorazmetku-na-sajte-zachem-ona-nuzhna.html,Статья,"Микроразметка на сайте: зачем нужна и как внедрить — DART","Разметка данных для поисковых роботов: зачем она нужна сайту и как добавить её без ошибок."
https://dart.agency/blog/prodvizhenie-sajtov/103-10-sovetov-po-vnutrennej-optimizaczii-sajta.html,Статья,"10 советов по внутренней оптимизации сайта — DART Agency","Практические рекомендации, которые поисковые системы требуют от каждого сайта: что проверить и исправить."
https://dart.agency/blog/kejsyi/104-korporativnyij-portal.html,Статья,"Опыт разработки корпоративного портала — кейс DART Agency","Переделали портал с нуля после ошибок предыдущих подрядчиков: что было не так, какое решение выбрали и что получили."
https://dart.agency/blog/integraczii/105-podpiska-polzovatelya-v-mailchimp-php-api-hook-dlya-formit-modx.html,Статья,"Подписка в MailChimp через API и хук для FormIt — DART","Автоматическая подписка пользователя на рассылку после отправки формы: код для MODx Revo и перенос на другую CMS."
https://dart.agency/blog/integraczii/106-otpravka-soobshheniya-v-telegram-v-modx-revo.html,Статья,"Как отправить сообщение в Telegram из MODx Revo — DART Agency","Связка AjaxForm и FormIt для отправки заявок в Telegram: пример кода и адаптация под свои события."
https://dart.agency/blog/servera/107-kopirovanie-fajlov-s-odnogo-servera-na-drugoj-pri-pomoshhi-ssh.html,Статья,"Копирование файлов между серверами по SSH — DART Agency","Как быстро перенести сайт на другой сервер и не потерять производительность: команды и решение типовых проблем."
https://dart.agency/blog/marketing/108-kak-otkryit-internet-magazin-s-nulya-instrukcziya.html,Статья,"Как открыть интернет-магазин с нуля: инструкция — DART","Пошаговая инструкция по запуску интернет-магазина: выбор ниши, поставщики, площадка и первые продажи."
https://dart.agency/blog/marketing/109-kak-organizovat-internet-magazin.html,Статья,"Как организовать интернет-магазин: выбор ниши — DART Agency","Как выбрать нишу, отстроиться от конкурентов и запустить интернет-магазин с минимальными вложениями."
https://dart.agency/blog/marketing/110-kak-uvelichit-prodazhi-v-internet-magazine.html,Статья,"Как увеличить продажи в интернет-магазине — DART Agency","Как заложить основу системы продаж и что делать, когда рост выручки и число клиентов остановились."
https://dart.agency/blog/marketing/111-marketing-kit-chto-eto-takoe-prostyimi-slovami.html,Статья,"Маркетинг-кит: что это и зачем нужен бренду — DART","Простыми словами о маркетинг-ките: зачем компании энциклопедия фактов о себе и как её собрать."
https://dart.agency/blog/marketing/112-kak-uvelichit-obem-prodazh.html,Статья,"Как увеличить объём продаж: 3 способа — DART Agency","Три способа поднять продажи, которые работают вместе с трафиком, лидами, рекламой и социальными сетями."
https://dart.agency/blog/marketing/113-biznes-idei-2019-s-minimalnyimi-vlozheniyami-v-malenkom-gorode.html,Статья,"Бизнес-идеи с минимальными вложениями — DART Agency","Как выбрать бизнес-идею для малого города: опираемся на интересы, статистику и конкретные цифры, а не на модные тренды."
https://dart.agency/blog/marketing/114-kak-povyisit-konversiyu-sajta.html,Статья,"Как повысить конверсию сайта: 5 способов — DART Agency","Пять конкретных действий, которые превращают простой сайт в инструмент получения прибыли."
https://dart.agency/blog/marketing/115-kak-vyistavit-czeli-v-yandeks-metrike-za-5-shagov-bez-programmista-i-bez-java-script.html,Статья,"Как выставить цели в Яндекс Метрике за 5 шагов — DART","Инструкция без программиста и JavaScript: как задать цели на любые события сайта и снизить стоимость привлечения."
https://dart.agency/blog/marketing/116-kak-nachat-vesti-svoj-blog-instrukcziya.html,Статья,"Как начать вести свой блог: инструкция — DART Agency","Структура статьи, длина, заголовок и идеи для публикаций, которые приводят трафик из поиска."
https://dart.agency/blog/marketing/117-kak-zarabatyivat-na-bloge-3-prostyix-sposoba.html,Статья,"Как зарабатывать на блоге: 3 способа — DART Agency","Основные способы монетизации блога, порядок действий и типичные причины, по которым доход остаётся небольшим."
https://dart.agency/blog/marketing/118-kak-rabotaet-chat-bot-sxema.html,Статья,"Как работает чат-бот: схема и применение — DART Agency","Схема работы чат-бота, сценарии и логика ответов, польза для бизнеса и варианты реализации."
https://dart.agency/blog/proektyi/119-podxodyi-pri-razrabotke-startapa.html,Статья,"Подходы при разработке стартапа: тезисы и ошибки — DART","Взгляд разработчика на запуск стартап-проекта: ключевые решения, допущенные ошибки и трезвые ожидания."
https://dart.agency/poisk-po-tegam.html,Служебная,"Поиск по тегам — Блог DART Agency","Все материалы блога DART Agency, собранные по тегам: разработка сайтов, MODx Revo, SEO, продвижение и маркетинг."
https://dart.agency/404.html,Служебная,"Страница не найдена — DART Agency","Такой страницы нет. Вернитесь на главную или посмотрите услуги, кейсы и статьи блога веб-студии DART Agency."
https://dart.agency/politika-konfidenczialnosti.html,Служебная,"Политика конфиденциальности — DART Agency","Как DART Agency обращается с персональными данными пользователей сайта: какие данные собираем, зачем и как их защищаем."
https://dart.agency/polzovatelskoe-soglashenie.html,Служебная,"Пользовательское соглашение — DART Agency","Условия использования сайта dart.agency: права и обязанности пользователей и веб-студии DART Agency."